{"P3": [[30.5, 84.51558277], [38.5, 89.47916294], [46.5, 93.61022262], [54.5, 97.48058355], [62.5, 101.2843288], [70.5, 105.1326221], [78.5, 109.0334636], [86.5, 112.9036412], [94.5, 116.6127146], [102.5, 120.0442031], [110.5, 123.1505962], [118.5, 125.9851773], [126.5, 128.7057627], [134.5, 131.5498015], [142.5, 134.773284], [150.5, 138.5476617], [158.5, 142.8482077], [166.5, 147.4022657], [174.5, 151.7521046], [182.5, 155.452628], [190.5, 158.2769793], [198.5, 160.2508441], [206.5, 161.5438112], [214.5, 162.3536592], [222.5, 162.8458172], [230.5, 163.1387368], [238.5, 163.3103353]], "P75": [[30.5, 93.88495599], [38.5, 99.23357783], [46.5, 104.186459], [54.5, 108.8719858], [62.5, 113.4334909], [70.5, 117.9406648], [78.5, 122.4023786], [86.5, 126.7834065], [94.5, 131.024746], [102.5, 135.065978], [110.5, 138.8695881], [118.5, 142.4484014], [126.5, 145.8965233], [134.5, 149.4171874], [142.5, 153.3163996], [150.5, 157.8800378], [158.5, 163.0682321], [166.5, 168.2904522], [174.5, 172.7454817], [182.5, 176.0145556], [190.5, 178.174973], [198.5, 179.5270853], [206.5, 180.3631154], [214.5, 180.8894616], [222.5, 181.232536], [230.5, 181.4651449], [238.5, 181.6286882]], "P5": [[30.5, 85.3469433], [38.5, 90.33305814], [46.5, 94.57166376], [54.5, 98.53958366], [62.5, 102.4224687], [70.5, 106.3269721], [78.5, 110.2649049], [86.5, 114.1641607], [94.5, 117.9074226], [102.5, 121.3871973], [110.5, 124.5569064], [118.5, 127.4623576], [126.5, 130.2495672], [134.5, 133.1491442], [142.5, 136.4271185], [150.5, 140.2831346], [158.5, 144.7089466], [166.5, 149.394712], [174.5, 153.8127163], [182.5, 157.4906696], [190.5, 160.2352102], [198.5, 162.1195857], [206.5, 163.3409016], [214.5, 164.1033935], [222.5, 164.5685992], [230.5, 164.8486523], [238.5, 165.0160233]], "P90": [[30.5, 96.23239427], [38.5, 101.7233762], [46.5, 106.7512837], [54.5, 111.5543461], [62.5, 116.2660704], [70.5, 120.9447067], [78.5, 125.5884499], [86.5, 130.153491], [94.5, 134.5751108], [102.5, 138.7905039], [110.5, 142.7631838], [118.5, 146.510321], [126.5, 150.1328531], [134.5, 153.839378], [142.5, 157.9280318], [150.5, 162.6461885], [158.5, 167.8929368], [166.5, 173.0508762], [174.5, 177.3622413], [182.5, 180.4820061], [190.5, 182.5353493], [198.5, 183.8301738], [206.5, 184.644572], [214.5, 185.1687386], [222.5, 185.5182368], [230.5, 185.7601205], [238.5, 185.9331347]], "P95": [[30.5, 97.66026663], [38.5, 103.2470198], [46.5, 108.2956497], [54.5, 113.1555037], [62.5, 117.9521268], [70.5, 122.7358617], [78.5, 127.4969382], [86.5, 132.183433], [94.5, 136.7231173], [102.5, 141.0483813], [110.5, 145.1228083], [118.5, 148.9689178], [126.5, 152.6960355], [134.5, 156.5185711], [142.5, 160.7261679], [150.5, 165.5302497], [158.5, 170.7839909], [166.5, 175.8668393], [174.5, 180.0676464], [182.5, 183.09176], [190.5, 185.0879485], [198.5, 186.3612801], [206.5, 187.1757295], [214.5, 187.7088422], [222.5, 188.0690108], [230.5, 188.3203841], [238.5, 188.5009894]], "P10": [[30.5, 86.64027154], [38.5, 91.66588835], [46.5, 96.05816868], [54.5, 100.1672766], [62.5, 104.1681762], [70.5, 108.1611811], [78.5, 112.1622995], [86.5, 116.1135904], [94.5, 119.9153408], [102.5, 123.4725646], [110.5, 126.7402123], [118.5, 129.7540048], [126.5, 132.6440511], [134.5, 135.6318463], [142.5, 138.9967803], [150.5, 142.9751899], [158.5, 147.576693], [166.5, 152.4354895], [174.5, 156.9318906], [182.5, 160.5669211], [190.5, 163.1972811], [198.5, 164.9586613], [206.5, 166.0828291], [214.5, 166.7816133], [222.5, 167.2109353], [230.5, 167.4742452], [238.5, 167.6365611]], "P50": [[30.5, 91.33242379], [38.5, 96.54734328], [46.5, 101.3600411], [54.5, 105.8812823], [62.5, 110.2631136], [70.5, 114.5861486], [78.5, 118.8668123], [86.5, 123.0713645], [94.5, 127.1370217], [102.5, 130.9982857], [110.5, 134.6155076], [118.5, 138.0032114], [126.5, 141.2581515], [134.5, 144.5838414], [142.5, 148.2859294], [150.5, 152.6623878], [158.5, 157.7168289], [166.5, 162.9161202], [174.5, 167.4641466], [182.5, 170.881464], [190.5, 173.180112], [198.5, 174.6309856], [206.5, 175.5259191], [214.5, 176.081605], [222.5, 176.4351874], [230.5, 176.6675729], [238.5, 176.8254895]], "P25": [[30.5, 88.83745411], [38.5, 93.94268367], [46.5, 98.55837705], [54.5, 102.8792439], [62.5, 107.0672782], [70.5, 111.2132492], [78.5, 115.335988], [86.5, 119.3937653], [94.5, 123.3092425], [102.5, 127.0044134], [110.5, 130.436877], [118.5, 133.6294604], [126.5, 136.6919657], [134.5, 139.8345767], [142.5, 143.353228], [150.5, 147.5268957], [158.5, 152.3753859], [166.5, 157.4461523], [174.5, 162.0077536], [182.5, 165.5513919], [190.5, 168.012004], [198.5, 169.6041427], [206.5, 170.5989941], [214.5, 171.2148477], [222.5, 171.598755], [230.5, 171.8421019], [238.5, 171.9997878]]}