{"P3": [[30.5, 11.12786972], [38.5, 12.05529277], [46.5, 13.03792328], [54.5, 14.06467165], [62.5, 15.12519986], [70.5, 16.22255158], [78.5, 17.36543339], [86.5, 18.55812709], [94.5, 19.79787788], [102.5, 21.08165758], [110.5, 22.41620302], [118.5, 23.8246044], [126.5, 25.3473142], [134.5, 27.03777112], [142.5, 28.95282957], [150.5, 31.13865154], [158.5, 33.61404373], [166.5, 36.354642], [174.5, 39.28212045], [182.5, 42.26275389], [190.5, 45.1202019], [198.5, 47.66815456], [206.5, 49.76354136], [214.5, 51.36231608], [222.5, 52.53731392], [230.5, 53.41206904], [238.5, 53.96613658]], "P75": [[30.5, 14.61526973], [38.5, 15.89564892], [46.5, 17.3556371], [54.5, 18.9752401], [62.5, 20.69870731], [70.5, 22.48505007], [78.5, 24.32667035], [86.5, 26.24988395], [94.5, 28.30553622], [102.5, 30.5532598], [110.5, 33.04569055], [118.5, 35.81896391], [126.5, 38.88907228], [134.5, 42.25009969], [142.5, 45.8721792], [150.5, 49.6994021], [158.5, 53.64889226], [166.5, 57.61241293], [174.5, 61.4621711], [182.5, 65.06300059], [190.5, 68.29228717], [198.5, 71.06433046], [206.5, 73.34922324], [214.5, 75.17911684], [222.5, 76.64533092], [230.5, 77.88014066], [238.5, 78.98838596]], "P5": [[30.5, 11.3978197], [38.5, 12.34114672], [46.5, 13.34895376], [54.5, 14.41037252], [62.5, 15.51027205], [70.5, 16.64657235], [78.5, 17.82572453], [86.5, 19.05394835], [94.5, 20.33356558], [102.5, 21.66715902], [110.5, 23.06551129], [118.5, 24.55351042], [126.5, 26.17126436], [134.5, 27.96988937], [142.5, 30.00194519], [150.5, 32.30727227], [158.5, 34.8964689], [166.5, 37.73579576], [174.5, 40.73817116], [182.5, 43.76482163], [190.5, 46.64147321], [198.5, 49.1918862], [206.5, 51.28705716], [214.5, 52.89450319], [222.5, 54.09277512], [230.5, 55.00648181], [238.5, 55.61235958]], "P90": [[30.5, 15.66485286], [38.5, 17.12084685], [46.5, 18.80348418], [54.5, 20.68022399], [62.5, 22.6894297], [70.5, 24.79305175], [78.5, 26.99239357], [86.5, 29.32339625], [94.5, 31.8433549], [102.5, 34.61384061], [110.5, 37.68293608], [118.5, 41.07213642], [126.5, 44.77111415], [134.5, 48.73923662], [142.5, 52.91118868], [150.5, 57.20431332], [158.5, 61.52568545], [166.5, 65.77744608], [174.5, 69.85998897], [182.5, 73.6742397], [190.5, 77.12594864], [198.5, 80.13482859], [206.5, 82.64755047], [214.5, 84.6513007], [222.5, 86.1917714], [230.5, 87.40462203], [238.5, 88.56174643]], "P95": [[30.5, 16.34395025], [38.5, 17.93265202], [46.5, 19.78381251], [54.5, 21.85279508], [62.5, 24.07631802], [70.5, 26.42529873], [78.5, 28.91486092], [86.5, 31.59173734], [94.5, 34.51419632], [102.5, 37.73326669], [110.5, 41.27772848], [118.5, 45.1442785], [126.5, 49.29525914], [134.5, 53.66432034], [142.5, 58.167387], [150.5, 62.71500036], [158.5, 67.22238111], [166.5, 71.6146066], [174.5, 75.82560968], [182.5, 79.79129954], [190.5, 83.43962339], [198.5, 86.68414749], [206.5, 89.43011463], [214.5, 91.59938232], [222.5, 93.17940638], [230.5, 94.31046411], [238.5, 95.43613181]], "P10": [[30.5, 11.83170451], [38.5, 12.80431149], [46.5, 13.85617947], [54.5, 14.97666256], [62.5, 16.14333947], [70.5, 17.34629087], [78.5, 18.58848423], [86.5, 19.87912757], [94.5, 21.22855059], [102.5, 22.64837687], [110.5, 24.15600612], [118.5, 25.77920825], [126.5, 27.55725852], [134.5, 29.53696045], [142.5, 31.76318818], [150.5, 34.26487746], [158.5, 37.03908232], [166.5, 40.03736224], [174.5, 43.15967355], [182.5, 46.26047782], [190.5, 49.16956302], [198.5, 51.72655874], [206.5, 53.82409032], [214.5, 55.44723255], [222.5, 56.68288493], [230.5, 57.6571979], [238.5, 58.34514946]], "P50": [[30.5, 13.56088113], [38.5, 14.69893326], [46.5, 15.97610456], [54.5, 17.37906341], [62.5, 18.86179576], [70.5, 20.39001872], [78.5, 21.95644627], [86.5, 23.58086145], [94.5, 25.30188584], [102.5, 27.16489199], [110.5, 29.21270645], [118.5, 31.48225315], [126.5, 34.00363017], [134.5, 36.79704392], [142.5, 39.86604044], [150.5, 43.18828419], [158.5, 46.70680701], [166.5, 50.32546478], [174.5, 53.91260737], [182.5, 57.31634059], [190.5, 60.39158721], [198.5, 63.03227756], [206.5, 65.1965295], [214.5, 66.91783563], [222.5, 68.30004741], [230.5, 69.47351373], [238.5, 70.45546105]], "P25": [[30.5, 12.60982671], [38.5, 13.64692711], [46.5, 14.78976688], [54.5, 16.0273993], [62.5, 17.32566884], [70.5, 18.66210955], [78.5, 20.03413327], [86.5, 21.45592408], [94.5, 22.95145019], [102.5, 24.54828458], [110.5, 26.27575951], [118.5, 28.16650963], [126.5, 30.25712523], [134.5, 32.58454356], [142.5, 35.17723687], [150.5, 38.04241318], [158.5, 41.15231646], [166.5, 44.43418656], [174.5, 47.76912213], [182.5, 51.0042348], [190.5, 53.97885832], [198.5, 56.55934839], [206.5, 58.67285105], [214.5, 60.33153027], [222.5, 61.63385984], [230.5, 62.70821568], [238.5, 63.53709257]]}