{"P3": 82.44845648, "Agemos": 27.5, "Sex": 1.0}
{"Agemos": 27.5, "P5": 83.27898582, "Sex": 1.0}
{"P10": 84.56534433, "Agemos": 27.5, "Sex": 1.0}
{"P25": 86.73506945, "Agemos": 27.5, "Sex": 1.0}
{"Agemos": 27.5, "P50": 89.17549228, "Sex": 1.0}
{"Agemos": 27.5, "P75": 91.64711353, "Sex": 1.0}
{"P90": 93.89827114, "Agemos": 27.5, "Sex": 1.0}
{"Agemos": 27.5, "P95": 95.25754106, "Sex": 1.0}
{"P3": 85.83925011, "Agemos": 32.5, "Sex": 1.0}
{"Agemos": 32.5, "P5": 86.66999332, "Sex": 1.0}
{"P10": 87.96540055, "Agemos": 32.5, "Sex": 1.0}
{"P25": 90.17463683, "Agemos": 32.5, "Sex": 1.0}
{"Agemos": 32.5, "P50": 92.69637946, "Sex": 1.0}
{"Agemos": 32.5, "P75": 95.29079906, "Sex": 1.0}
{"P90": 97.68978097, "Agemos": 32.5, "Sex": 1.0}
{"Agemos": 32.5, "P95": 99.15513792, "Sex": 1.0}
{"P3": 88.93297086, "Agemos": 37.5, "Sex": 1.0}
{"Agemos": 37.5, "P5": 89.77301106, "Sex": 1.0}
{"P10": 91.08607735, "Agemos": 37.5, "Sex": 1.0}
{"P25": 93.33440049, "Agemos": 37.5, "Sex": 1.0}
{"Agemos": 37.5, "P50": 95.91474929, "Sex": 1.0}
{"Agemos": 37.5, "P75": 98.58524582, "Sex": 1.0}
{"P90": 101.0690065, "Agemos": 37.5, "Sex": 1.0}
{"Agemos": 37.5, "P95": 102.5930445, "Sex": 1.0}
{"P3": 91.59152368, "Agemos": 42.5, "Sex": 1.0}
{"Agemos": 42.5, "P5": 92.4999858, "Sex": 1.0}
{"P10": 93.91067749, "Agemos": 42.5, "Sex": 1.0}
{"P25": 96.30009195, "Agemos": 42.5, "Sex": 1.0}
{"Agemos": 42.5, "P50": 99.00254338, "Sex": 1.0}
{"Agemos": 42.5, "P75": 101.7556073, "Sex": 1.0}
{"P90": 104.2771267, "Agemos": 42.5, "Sex": 1.0}
{"Agemos": 42.5, "P95": 105.8060983, "Sex": 1.0}
{"P3": 94.10370972, "Agemos": 47.5, "Sex": 1.0}
{"Agemos": 47.5, "P5": 95.07805975, "Sex": 1.0}
{"P10": 96.58310008, "Agemos": 47.5, "Sex": 1.0}
{"P25": 99.11063889, "Agemos": 47.5, "Sex": 1.0}
{"Agemos": 47.5, "P50": 101.9373058, "Sex": 1.0}
{"Agemos": 47.5, "P75": 104.7830584, "Sex": 1.0}
{"P90": 107.3604207, "Agemos": 47.5, "Sex": 1.0}
{"Agemos": 47.5, "P95": 108.9100797, "Sex": 1.0}
{"P3": 96.52567713, "Agemos": 52.5, "Sex": 1.0}
{"Agemos": 52.5, "P5": 97.56169654, "Sex": 1.0}
{"P10": 99.15584797, "Agemos": 52.5, "Sex": 1.0}
{"P25": 101.8166373, "Agemos": 52.5, "Sex": 1.0}
{"Agemos": 52.5, "P50": 104.7687256, "Sex": 1.0}
{"Agemos": 52.5, "P75": 107.7164829, "Sex": 1.0}
{"P90": 110.3659614, "Agemos": 52.5, "Sex": 1.0}
{"Agemos": 52.5, "P95": 111.9499779, "Sex": 1.0}
{"P3": 98.90667254, "Agemos": 57.5, "Sex": 1.0}
{"Agemos": 57.5, "P5": 99.99790605, "Sex": 1.0}
{"P10": 101.6730987, "Agemos": 57.5, "Sex": 1.0}
{"P25": 104.4588401, "Agemos": 57.5, "Sex": 1.0}
{"Agemos": 57.5, "P50": 107.534968, "Sex": 1.0}
{"Agemos": 57.5, "P75": 110.5918541, "Sex": 1.0}
{"P90": 113.327325, "Agemos": 57.5, "Sex": 1.0}
{"Agemos": 57.5, "P95": 114.9574502, "Sex": 1.0}
{"P3": 101.2843288, "Agemos": 62.5, "Sex": 1.0}
{"Agemos": 62.5, "P5": 102.4224687, "Sex": 1.0}
{"P10": 104.1681762, "Agemos": 62.5, "Sex": 1.0}
{"P25": 107.0672782, "Agemos": 62.5, "Sex": 1.0}
{"Agemos": 62.5, "P50": 110.2631136, "Sex": 1.0}
{"Agemos": 62.5, "P75": 113.4334909, "Sex": 1.0}
{"P90": 116.2660704, "Agemos": 62.5, "Sex": 1.0}
{"Agemos": 62.5, "P95": 117.9521268, "Sex": 1.0}
{"P3": 103.6815122, "Agemos": 67.5, "Sex": 1.0}
{"Agemos": 67.5, "P5": 104.8574227, "Sex": 1.0}
{"P10": 106.6618905, "Agemos": 67.5, "Sex": 1.0}
{"P25": 109.6607418, "Agemos": 67.5, "Sex": 1.0}
{"Agemos": 67.5, "P50": 112.9695827, "Sex": 1.0}
{"Agemos": 67.5, "P75": 116.2551221, "Sex": 1.0}
{"P90": 119.1930903, "Agemos": 67.5, "Sex": 1.0}
{"Agemos": 67.5, "P95": 120.9429688, "Sex": 1.0}
{"P3": 106.1048359, "Agemos": 72.5, "Sex": 1.0}
{"Agemos": 72.5, "P5": 107.3099116, "Sex": 1.0}
{"P10": 109.1618735, "Agemos": 72.5, "Sex": 1.0}
{"P25": 112.2468516, "Agemos": 72.5, "Sex": 1.0}
{"Agemos": 72.5, "P50": 115.6608862, "Sex": 1.0}
{"Agemos": 72.5, "P75": 119.0611237, "Sex": 1.0}
{"P90": 122.1100607, "Agemos": 72.5, "Sex": 1.0}
{"Agemos": 72.5, "P95": 123.9297176, "Sex": 1.0}
{"P3": 108.5451423, "Agemos": 77.5, "Sex": 1.0}
{"Agemos": 77.5, "P5": 109.7726591, "Sex": 1.0}
{"P10": 111.6631239, "Agemos": 77.5, "Sex": 1.0}
{"P25": 114.8228726, "Agemos": 77.5, "Sex": 1.0}
{"Agemos": 77.5, "P50": 118.3348215, "Sex": 1.0}
{"Agemos": 77.5, "P75": 121.8480376, "Sex": 1.0}
{"P90": 125.0110959, "Agemos": 77.5, "Sex": 1.0}
{"Agemos": 77.5, "P95": 126.9045258, "Sex": 1.0}
{"P3": 110.9801192, "Agemos": 82.5, "Sex": 1.0}
{"Agemos": 82.5, "P5": 112.2262515, "Sex": 1.0}
{"P10": 114.1499353, "Agemos": 82.5, "Sex": 1.0}
{"P25": 117.3773747, "Agemos": 82.5, "Sex": 1.0}
{"Agemos": 82.5, "P50": 120.9821362, "Sex": 1.0}
{"Agemos": 82.5, "P75": 124.6063638, "Sex": 1.0}
{"P90": 127.8846249, "Agemos": 82.5, "Sex": 1.0}
{"Agemos": 82.5, "P95": 129.8538272, "Sex": 1.0}
{"P3": 113.3788664, "Agemos": 87.5, "Sex": 1.0}
{"Agemos": 87.5, "P5": 114.6431334, "Sex": 1.0}
{"P10": 116.5991827, "Agemos": 87.5, "Sex": 1.0}
{"P25": 119.8927292, "Agemos": 87.5, "Sex": 1.0}
{"Agemos": 87.5, "P50": 123.588599, "Sex": 1.0}
{"Agemos": 87.5, "P75": 127.3225327, "Sex": 1.0}
{"P90": 130.7154389, "Agemos": 87.5, "Sex": 1.0}
{"Agemos": 87.5, "P95": 132.7604599, "Sex": 1.0}
{"P3": 115.7077388, "Agemos": 92.5, "Sex": 1.0}
{"Agemos": 92.5, "P5": 116.9928104, "Sex": 1.0}
{"P10": 118.9846594, "Agemos": 92.5, "Sex": 1.0}
{"P25": 122.3483243, "Agemos": 92.5, "Sex": 1.0}
{"Agemos": 92.5, "P50": 126.1374319, "Sex": 1.0}
{"Agemos": 92.5, "P75": 129.9810071, "Sex": 1.0}
{"P90": 133.4868407, "Agemos": 92.5, "Sex": 1.0}
{"Agemos": 92.5, "P95": 135.6059815, "Sex": 1.0}
{"P3": 117.9365657, "Agemos": 97.5, "Sex": 1.0}
{"Agemos": 97.5, "P5": 119.2474816, "Sex": 1.0}
{"P10": 121.281866, "Agemos": 97.5, "Sex": 1.0}
{"P25": 124.7241502, "Agemos": 97.5, "Sex": 1.0}
{"Agemos": 97.5, "P50": 128.6119383, "Sex": 1.0}
{"Agemos": 97.5, "P75": 132.5664397, "Sex": 1.0}
{"P90": 136.1828511, "Agemos": 97.5, "Sex": 1.0}
{"Agemos": 97.5, "P95": 138.3731376, "Sex": 1.0}
{"P3": 120.0442031, "Agemos": 102.5, "Sex": 1.0}
{"Agemos": 102.5, "P5": 121.3871973, "Sex": 1.0}
{"P10": 123.4725646, "Agemos": 102.5, "Sex": 1.0}
{"P25": 127.0044134, "Agemos": 102.5, "Sex": 1.0}
{"Agemos": 102.5, "P50": 130.9982857, "Sex": 1.0}
{"Agemos": 102.5, "P75": 135.065978, "Sex": 1.0}
{"P90": 138.7905039, "Agemos": 102.5, "Sex": 1.0}
{"Agemos": 102.5, "P95": 141.0483813, "Sex": 1.0}
{"P3": 122.0227817, "Agemos": 107.5, "Sex": 1.0}
{"Agemos": 107.5, "P5": 123.4039024, "Sex": 1.0}
{"P10": 125.5485022, "Agemos": 107.5, "Sex": 1.0}
{"P25": 129.1807426, "Agemos": 107.5, "Sex": 1.0}
{"Agemos": 107.5, "P50": 133.2882291, "Sex": 1.0}
{"Agemos": 107.5, "P75": 137.4717069, "Sex": 1.0}
{"P90": 141.3022916, "Agemos": 107.5, "Sex": 1.0}
{"Agemos": 107.5, "P95": 143.6244753, "Sex": 1.0}
{"P3": 123.8802592, "Agemos": 112.5, "Sex": 1.0}
{"Agemos": 112.5, "P5": 125.3040185, "Sex": 1.0}
{"P10": 127.5140299, "Agemos": 112.5, "Sex": 1.0}
{"P25": 131.2548494, "Agemos": 112.5, "Sex": 1.0}
{"Agemos": 112.5, "P50": 135.4817925, "Sex": 1.0}
{"Agemos": 112.5, "P75": 139.7833266, "Sex": 1.0}
{"P90": 143.7188356, "Agemos": 112.5, "Sex": 1.0}
{"Agemos": 112.5, "P95": 146.103159, "Sex": 1.0}
{"P3": 125.6412524, "Agemos": 117.5, "Sex": 1.0}
{"Agemos": 117.5, "P5": 127.1095636, "Sex": 1.0}
{"P10": 129.3876441, "Agemos": 117.5, "Sex": 1.0}
{"P25": 133.2406866, "Agemos": 117.5, "Sex": 1.0}
{"Agemos": 117.5, "P50": 137.5899378, "Sex": 1.0}
{"Agemos": 117.5, "P75": 142.011085, "Sex": 1.0}
{"P90": 146.0517839, "Agemos": 117.5, "Sex": 1.0}
{"Agemos": 117.5, "P95": 148.4978811, "Sex": 1.0}
{"P3": 127.3462381, "Agemos": 122.5, "Sex": 1.0}
{"Agemos": 122.5, "P5": 128.857948, "Sex": 1.0}
{"P10": 131.2026207, "Agemos": 122.5, "Sex": 1.0}
{"P25": 135.1662516, "Agemos": 122.5, "Sex": 1.0}
{"Agemos": 122.5, "P50": 139.6372663, "Sex": 1.0}
{"Agemos": 122.5, "P75": 144.1788815, "Sex": 1.0}
{"P90": 148.326789, "Agemos": 122.5, "Sex": 1.0}
{"Agemos": 122.5, "P95": 150.8364543, "Sex": 1.0}
{"P3": 129.0491015, "Agemos": 127.5, "Sex": 1.0}
{"Agemos": 127.5, "P5": 130.6004555, "Sex": 1.0}
{"P10": 133.0067661, "Agemos": 127.5, "Sex": 1.0}
{"P25": 137.0749922,