{"P3": 78.82133263, "Agemos": 24.5, "Sex": 2.0}
{"Agemos": 24.5, "P5": 79.64776859, "Sex": 2.0}
{"P10": 80.91946302, "Agemos": 24.5, "Sex": 2.0}
{"P25": 83.04213246, "Agemos": 24.5, "Sex": 2.0}
{"Agemos": 24.5, "P50": 85.3973169, "Sex": 2.0}
{"Agemos": 24.5, "P75": 87.74917522, "Sex": 2.0}
{"P90": 89.86315834, "Agemos": 24.5, "Sex": 2.0}
{"Agemos": 24.5, "P95": 91.12706971, "Sex": 2.0}
{"P3": 82.59711819, "Agemos": 29.5, "Sex": 2.0}
{"Agemos": 29.5, "P5": 83.46956585, "Sex": 2.0}
{"P10": 84.81531679, "Agemos": 29.5, "Sex": 2.0}
{"P25": 87.07028387, "Agemos": 29.5, "Sex": 2.0}
{"Agemos": 29.5, "P50": 89.58476689, "Sex": 2.0}
{"Agemos": 29.5, "P75": 92.10858598, "Sex": 2.0}
{"P90": 94.38792816, "Agemos": 29.5, "Sex": 2.0}
{"Agemos": 29.5, "P95": 95.75551171, "Sex": 2.0}
{"P3": 85.80378996, "Agemos": 34.5, "Sex": 2.0}
{"Agemos": 34.5, "P5": 86.69803144, "Sex": 2.0}
{"P10": 88.08186325, "Agemos": 34.5, "Sex": 2.0}
{"P25": 90.41270297, "Agemos": 34.5, "Sex": 2.0}
{"Agemos": 34.5, "P50": 93.02945392, "Sex": 2.0}
{"Agemos": 34.5, "P75": 95.67445723, "Sex": 2.0}
{"P90": 98.07904266, "Agemos": 34.5, "Sex": 2.0}
{"Agemos": 34.5, "P95": 99.52890698, "Sex": 2.0}
{"P3": 88.47849954, "Agemos": 39.5, "Sex": 2.0}
{"Agemos": 39.5, "P5": 89.39733426, "Sex": 2.0}
{"P10": 90.82227549, "Agemos": 39.5, "Sex": 2.0}
{"P25": 93.23069622, "Agemos": 39.5, "Sex": 2.0}
{"Agemos": 39.5, "P50": 95.94692677, "Sex": 2.0}
{"Agemos": 39.5, "P75": 98.70568284, "Sex": 2.0}
{"P90": 101.2250993, "Agemos": 39.5, "Sex": 2.0}
{"Agemos": 39.5, "P95": 102.7494191, "Sex": 2.0}
{"P3": 91.03099757, "Agemos": 44.5, "Sex": 2.0}
{"Agemos": 44.5, "P5": 91.97932415, "Sex": 2.0}
{"P10": 93.45252422, "Agemos": 44.5, "Sex": 2.0}
{"P25": 95.94945793, "Agemos": 44.5, "Sex": 2.0}
{"Agemos": 44.5, "P50": 98.77593069, "Sex": 2.0}
{"Agemos": 44.5, "P75": 101.6578832, "Sex": 2.0}
{"P90": 104.2996257, "Agemos": 44.5, "Sex": 2.0}
{"Agemos": 44.5, "P95": 105.9024803, "Sex": 2.0}
{"P3": 93.58141046, "Agemos": 49.5, "Sex": 2.0}
{"Agemos": 49.5, "P5": 94.55872109, "Sex": 2.0}
{"P10": 96.07953634, "Agemos": 49.5, "Sex": 2.0}
{"P25": 98.66435637, "Agemos": 49.5, "Sex": 2.0}
{"Agemos": 49.5, "P50": 101.6011898, "Sex": 2.0}
{"Agemos": 49.5, "P75": 104.6075204, "Sex": 2.0}
{"P90": 107.3737475, "Agemos": 49.5, "Sex": 2.0}
{"Agemos": 49.5, "P95": 109.0569988, "Sex": 2.0}
{"P3": 96.17495324, "Agemos": 54.5, "Sex": 2.0}
{"Agemos": 54.5, "P5": 97.18028656, "Sex": 2.0}
{"P10": 98.74731484, "Agemos": 54.5, "Sex": 2.0}
{"P25": 101.4179641, "Agemos": 54.5, "Sex": 2.0}
{"Agemos": 54.5, "P50": 104.4634511, "Sex": 2.0}
{"Agemos": 54.5, "P75": 107.5932772, "Sex": 2.0}
{"P90": 110.4840992, "Agemos": 54.5, "Sex": 2.0}
{"Agemos": 54.5, "P95": 112.2483051, "Sex": 2.0}
{"P3": 98.81735475, "Agemos": 59.5, "Sex": 2.0}
{"Agemos": 59.5, "P5": 99.85039229, "Sex": 2.0}
{"P10": 101.4630296, "Agemos": 59.5, "Sex": 2.0}
{"P25": 104.2182371, "Agemos": 59.5, "Sex": 2.0}
{"Agemos": 59.5, "P50": 107.3706841, "Sex": 2.0}
{"Agemos": 59.5, "P75": 110.6221611, "Sex": 2.0}
{"P90": 113.6359317, "Agemos": 59.5, "Sex": 2.0}
{"Agemos": 59.5, "P95": 115.4801741, "Sex": 2.0}
{"P3": 101.4916463, "Agemos": 64.5, "Sex": 2.0}
{"Agemos": 64.5, "P5": 102.5528574, "Sex": 2.0}
{"P10": 104.2115203, "Agemos": 64.5, "Sex": 2.0}
{"P25": 107.0511517, "Agemos": 64.5, "Sex": 2.0}
{"Agemos": 64.5, "P50": 110.3091934, "Sex": 2.0}
{"Agemos": 64.5, "P75": 113.6796918, "Sex": 2.0}
{"P90": 116.8129879, "Agemos": 64.5, "Sex": 2.0}
{"Agemos": 64.5, "P95": 118.7347537, "Sex": 2.0}
{"P3": 104.1685175, "Agemos": 69.5, "Sex": 2.0}
{"Agemos": 69.5, "P5": 105.258955, "Sex": 2.0}
{"P10": 106.9648081, "Agemos": 69.5, "Sex": 2.0}
{"P25": 109.8895213, "Agemos": 69.5, "Sex": 2.0}
{"Agemos": 69.5, "P50": 113.2518902, "Sex": 2.0}
{"Agemos": 69.5, "P75": 116.7379017, "Sex": 2.0}
{"P90": 119.9855318, "Agemos": 69.5, "Sex": 2.0}
{"Agemos": 69.5, "P95": 121.9807474, "Sex": 2.0}
{"P3": 106.8132066, "Agemos": 74.5, "Sex": 2.0}
{"Agemos": 74.5, "P5": 107.9342229, "Sex": 2.0}
{"P10": 109.6887954, "Agemos": 74.5, "Sex": 2.0}
{"P25": 112.6995522, "Agemos": 74.5, "Sex": 2.0}
{"Agemos": 74.5, "P50": 116.1647782, "Sex": 2.0}
{"Agemos": 74.5, "P75": 119.7618926, "Sex": 2.0}
{"P90": 123.1171295, "Agemos": 74.5, "Sex": 2.0}
{"Agemos": 74.5, "P95": 125.1804203, "Sex": 2.0}
{"P3": 109.3904733, "Agemos": 79.5, "Sex": 2.0}
{"Agemos": 79.5, "P5": 110.5434704, "Sex": 2.0}
{"P10": 112.3483251, "Agemos": 79.5, "Sex": 2.0}
{"P25": 115.4460056, "Agemos": 79.5, "Sex": 2.0}
{"Agemos": 79.5, "P50": 119.0122722, "Sex": 2.0}
{"Agemos": 79.5, "P75": 122.7153896, "Sex": 2.0}
{"P90": 126.1705167, "Agemos": 79.5, "Sex": 2.0}
{"Agemos": 79.5, "P95": 128.2957169, "Sex": 2.0}
{"P3": 111.868361, "Agemos": 84.5, "Sex": 2.0}
{"Agemos": 84.5, "P5": 113.054628, "Sex": 2.0}
{"P10": 114.9111662, "Agemos": 84.5, "Sex": 2.0}
{"P25": 118.0964128, "Agemos": 84.5, "Sex": 2.0}
{"Agemos": 84.5, "P50": 121.7616844, "Sex": 2.0}
{"Agemos": 84.5, "P75": 125.5655273, "Sex": 2.0}
{"P90": 129.1126986, "Agemos": 84.5, "Sex": 2.0}
{"Agemos": 84.5, "P95": 131.2935761, "Sex": 2.0}
{"P3": 114.2211014, "Agemos": 89.5, "Sex": 2.0}
{"Agemos": 89.5, "P5": 115.4417656, "Sex": 2.0}
{"P10": 117.351208, "Agemos": 89.5, "Sex": 2.0}
{"P25": 120.6245654, "Agemos": 89.5, "Sex": 2.0}
{"Agemos": 89.5, "P50": 124.38704, "Sex": 2.0}
{"Agemos": 89.5, "P75": 128.2869845, "Sex": 2.0}
{"P90": 131.9193587, "Agemos": 89.5, "Sex": 2.0}
{"Agemos": 89.5, "P95": 134.150496, "Sex": 2.0}
{"P3": 116.4313942, "Agemos": 94.5, "Sex": 2.0}
{"Agemos": 94.5, "P5": 117.6875155, "Sex": 2.0}
{"P10": 119.651101, "Agemos": 94.5, "Sex": 2.0}
{"P25": 123.0135084, "Agemos": 94.5, "Sex": 2.0}
{"Agemos": 94.5, "P50": 126.8724284, "Sex": 2.0}
{"Agemos": 94.5, "P75": 130.8656354, "Sex": 2.0}
{"P90": 134.5787089, "Agemos": 94.5, "Sex": 2.0}
{"Agemos": 94.5, "P95": 136.8564598, "Sex": 2.0}
{"P3": 118.4923693, "Agemos": 99.5, "Sex": 2.0}
{"Agemos": 99.5, "P5": 119.7852171, "Sex": 2.0}
{"P10": 121.8046703, "Agemos": 99.5, "Sex": 2.0}
{"P25": 125.2583572, "Agemos": 99.5, "Sex": 2.0}
{"Agemos": 99.5, "P50": 129.2151839, "Sex": 2.0}
{"Agemos": 99.5, "P75": 133.3019713, "Sex": 2.0}
{"P90": 137.0949894, "Agemos": 99.5, "Sex": 2.0}
{"Agemos": 99.5, "P95": 139.4184075, "Sex": 2.0}
{"P3": 120.4096928, "Agemos": 104.5, "Sex": 2.0}
{"Agemos": 104.5, "P5": 121.7412571, "Sex": 2.0}
{"P10": 123.8195805, "Agemos": 104.5, "Sex": 2.0}
{"P25": 127.3693994, "Agemos": 104.5, "Sex": 2.0}
{"Agemos": 104.5, "P50": 131.4292887, "Sex": 2.0}
{"Agemos": 104.5, "P75": 135.6145777, "Sex": 2.0}
{"P90": 139.4917879, "Agemos": 104.5, "Sex": 2.0}
{"Agemos": 104.5, "P95": 141.8633417, "Sex": 2.0}
{"P3": 122.2044292, "Agemos": 109.5, "Sex": 2.0}
{"Agemos": 109.5, "P5": 123.5782083, "Sex": 2.0}
{"P10": 125.7208245, "Agemos": 109.5, "Sex": 2.0}
{"P25": 129.3759451, "Agemos": 109.5, "Sex": 2.0}
{"Agemos": 109.5, "P50": 133.5492749, "Sex": 2.0}
{"Agemos": 109.5, "P75": 137.8436884, "Sex": 2.0}
{"P90": 141.8149059, "Agemos": 109.5, "Sex": 2.0}
{"Agemos": 109.5, "P95": 144.2406053, "Sex": 2.0}
{"P3": 123.9172948, "Agemos": 114.5, "Sex": 2.0}
{"Agemos": 114.5, "P5": 125.3393004, "Sex": 2.0}
{"P10": 127.5553896, "Agemos": 114.5, "Sex": 2.0}
{"P25": 131.330937, "Agemos": 114.5, "Sex": 2.0}
{"Agemos": 114.5, "P50": 135.634186, "Sex": 2.0}
{"Agemos": 114.5, "P75": 140.0538485, "Sex": 2.0}
{"P90": 144.1332799, "Agemos": 114.5, "Sex": 2.0}
{"Agemos": 114.5, "P95": 146.6214882, "Sex": 2.0}
{"P3": 125.6144133, "Agemos": 119.5, "Sex": 2.0}
{"Agemos": 119.5, "P5": 127.0939883, "Sex": 2.0}
{"P10": 129.3973496, "Agemos": 119.5, "Sex": 2.0}
{"P25": 133.3147302, "Agemos": 119.5, "Sex": 2.0}
{"Agemos": 119.5, "P50": 137.7691339, "Sex": 2.0}
{"Agemos": 119.5, "P75": 142.3324443, "Sex": 2.0}
{"P90": 146.5340936, "Agemos": 119.5, "Sex": 2.0}
{"Agemos": 119.5, "P95": 149.0919854, "Sex": 2.0}
{"P3": 127.3926332, "Agemos": 124.5, "Sex": 2.0}
{"Agemos": 124.5, "P5": 128.9419168, "Sex": 2.0}
{"P10": 131.3496084, "Agemos": 124.5, "Sex": 2.0}
{"P25": 135.4327874,