{"P3": [[30.5, 10.74078194], [38.5, 11.60699649], [46.5, 12.52971675], [54.5, 13.53961547], [62.5, 14.61652406], [70.5, 15.73017845], [78.5, 16.86348713], [86.5, 18.02152302], [94.5, 19.23024402], [102.5, 20.52910239], [110.5, 21.96098914], [118.5, 23.56194878], [126.5, 25.35216934], [134.5, 27.3292989], [142.5, 29.46483511], [150.5, 31.70415418], [158.5, 33.97041915], [166.5, 36.17226975], [174.5, 38.2147829], [182.5, 40.01284477], [190.5, 41.50559186], [198.5, 42.66927817], [206.5, 43.52373663], [214.5, 44.12678882], [222.5, 44.5537724], [230.5, 44.86239882], [238.5, 45.03852094]], "P75": [[30.5, 14.11611337], [38.5, 15.52574208], [46.5, 17.04408407], [54.5, 18.67104666], [62.5, 20.38753372], [70.5, 22.19424627], [78.5, 24.12102802], [86.5, 26.21937378], [94.5, 28.54689431], [102.5, 31.14942058], [110.5, 34.04478937], [118.5, 37.21143829], [126.5, 40.58407272], [134.5, 44.05727678], [142.5, 47.4966064], [150.5, 50.75555403], [158.5, 53.69614073], [166.5, 56.21043748], [174.5, 58.23994486], [182.5, 59.78904852], [190.5, 60.92800363], [198.5, 61.7817614], [206.5, 62.50462147], [214.5, 63.24336091], [222.5, 64.08807505], [230.5, 65.00619161], [238.5, 65.76413346]], "P5": [[30.5, 10.98581228], [38.5, 11.88202491], [46.5, 12.837259], [54.5, 13.88039891], [62.5, 14.9918623], [70.5, 16.1438452], [78.5, 17.32250091], [86.5, 18.53590513], [94.5, 19.8119865], [102.5, 21.19054959], [110.5, 22.71281638], [118.5, 24.4109721], [126.5, 26.29933598], [134.5, 28.3682877], [142.5, 30.58170029], [150.5, 32.87832086], [158.5, 35.17710718], [166.5, 37.38609874], [174.5, 39.41396159], [182.5, 41.18304453], [190.5, 42.642492], [198.5, 43.77907316], [206.5, 44.62161386], [214.5, 45.23391322], [222.5, 45.69283549], [230.5, 46.05040055], [238.5, 46.27497563]], "P90": [[30.5, 15.23626013], [38.5, 16.89518784], [46.5, 18.69671155], [54.5, 20.62795467], [62.5, 22.66479513], [70.5, 24.8128152], [78.5, 27.11407112], [86.5, 29.63426278], [94.5, 32.44138436], [102.5, 35.58346914], [110.5, 39.0704635], [118.5, 42.86342465], [126.5, 46.87270712], [134.5, 50.96518685], [142.5, 54.97924502], [150.5, 58.74524431], [158.5, 62.10873877], [166.5, 64.95347244], [174.5, 67.22126661], [182.5, 68.92566027], [190.5, 70.15513163], [198.5, 71.06070688], [206.5, 71.82462845], [214.5, 72.61209121], [222.5, 73.51196857], [230.5, 74.47435424], [238.5, 75.25830602]], "P95": [[30.5, 15.99164336], [38.5, 17.84049621], [46.5, 19.86312888], [54.5, 22.0380343], [62.5, 24.33570429], [70.5, 26.76154129], [78.5, 29.36211644], [86.5, 32.2098371], [94.5, 35.37817885], [102.5, 38.91658465], [110.5, 42.83106725], [118.5, 47.07385017], [126.5, 51.54317357], [134.5, 56.0927106], [142.5, 60.5487783], [150.5, 64.73264089], [158.5, 68.4846261], [166.5, 71.68659282], [174.5, 74.27953085], [182.5, 76.27369999], [190.5, 77.74911109], [198.5, 78.84351231], [206.5, 79.72434173], [214.5, 80.54417335], [222.5, 81.38730069], [230.5, 82.22248225], [238.5, 82.87546122]], "P10": [[30.5, 11.38474303], [38.5, 12.33273088], [46.5, 13.3440474], [54.5, 14.44453095], [62.5, 15.61545325], [70.5, 16.83304163], [78.5, 18.08887399], [86.5, 19.39610118], [94.5, 20.7860129], [102.5, 22.29904589], [110.5, 23.97363834], [118.5, 25.83550673], [126.5, 27.88915304], [134.5, 30.11284746], [142.5, 32.45781366], [150.5, 34.85182934], [158.5, 37.20687443], [166.5, 39.42990799], [174.5, 41.4353838], [182.5, 43.1578568], [190.5, 44.5629977], [198.5, 45.65508683], [206.5, 46.47800802], [214.5, 47.10553608], [222.5, 47.61692775], [230.5, 48.05452712], [238.5, 48.35799667]], "P50": [[30.5, 13.04357164], [38.5, 14.24844498], [46.5, 15.53962221], [54.5, 16.92826587], [62.5, 18.3970876], [70.5, 19.93843145], [78.5, 21.56748045], [86.5, 23.32038549], [94.5, 25.24403371], [102.5, 27.38203422], [110.5, 29.76048479], [118.5, 32.37648607], [126.5, 35.19176177], [134.5, 38.1326991], [142.5, 41.09701099], [150.5, 43.9661169], [158.5, 46.62155183], [166.5, 48.9630481], [174.5, 50.92540942], [182.5, 52.49079703], [190.5, 53.69306637], [198.5, 54.61223603], [206.5, 55.35950558], [214.5, 56.05304601], [222.5, 56.78026364], [230.5, 57.53840429], [238.5, 58.15103575]], "P25": [[30.5, 12.11691911], [38.5, 13.16977393], [46.5, 14.29485248], [54.5, 15.51193144], [62.5, 16.80341543], [70.5, 18.15288153], [78.5, 19.56221428], [86.5, 21.05440884], [94.5, 22.6673643], [102.5, 24.44283365], [110.5, 26.41394306], [118.5, 28.59403476], [126.5, 30.96895298], [134.5, 33.49414573], [142.5, 36.09716305], [150.5, 38.68528952], [158.5, 41.15729406], [166.5, 43.4176027], [174.5, 45.39068521], [182.5, 47.03316051], [190.5, 48.34133606], [198.5, 49.35265405], [206.5, 50.13992923], [214.5, 50.79602716], [222.5, 51.40422448], [230.5, 51.98781418], [238.5, 52.4337619]]}