{"P3": 10.04880792, "Agemos": 24.5, "Sex": 2.0}
{"Agemos": 24.5, "P5": 10.27482893, "Sex": 2.0}
{"P10": 10.64075988, "Agemos": 24.5, "Sex": 2.0}
{"P25": 11.30566642, "Agemos": 24.5, "Sex": 2.0}
{"Agemos": 24.5, "P50": 12.13455523, "Sex": 2.0}
{"Agemos": 24.5, "P75": 13.07613207, "Sex": 2.0}
{"P90": 14.03902482, "Agemos": 24.5, "Sex": 2.0}
{"Agemos": 24.5, "P95": 14.67658551, "Sex": 2.0}
{"P3": 10.63111516, "Agemos": 29.5, "Sex": 2.0}
{"Agemos": 29.5, "P5": 10.8727282, "Sex": 2.0}
{"P10": 11.26574591, "Agemos": 29.5, "Sex": 2.0}
{"P25": 11.98591692, "Agemos": 29.5, "Sex": 2.0}
{"Agemos": 29.5, "P50": 12.89517218, "Sex": 2.0}
{"Agemos": 29.5, "P75": 13.94440383, "Sex": 2.0}
{"P90": 15.03646393, "Agemos": 29.5, "Sex": 2.0}
{"Agemos": 29.5, "P95": 15.770701, "Sex": 2.0}
{"P3": 11.17224778, "Agemos": 34.5, "Sex": 2.0}
{"Agemos": 34.5, "P5": 11.43177357, "Sex": 2.0}
{"P10": 11.85574032, "Agemos": 34.5, "Sex": 2.0}
{"P25": 12.63864672, "Agemos": 34.5, "Sex": 2.0}
{"Agemos": 34.5, "P50": 13.63877446, "Sex": 2.0}
{"Agemos": 34.5, "P75": 14.80998135, "Sex": 2.0}
{"P90": 16.04962601, "Agemos": 34.5, "Sex": 2.0}
{"Agemos": 34.5, "P95": 16.89552564, "Sex": 2.0}
{"P3": 11.71783343, "Agemos": 39.5, "Sex": 2.0}
{"Agemos": 39.5, "P5": 11.99684628, "Sex": 2.0}
{"P10": 12.45442324, "Agemos": 39.5, "Sex": 2.0}
{"P25": 13.3053838, "Agemos": 39.5, "Sex": 2.0}
{"Agemos": 39.5, "P50": 14.40429169, "Sex": 2.0}
{"Agemos": 39.5, "P75": 15.7090529, "Sex": 2.0}
{"P90": 17.11234657, "Agemos": 39.5, "Sex": 2.0}
{"Agemos": 39.5, "P95": 18.08377443, "Sex": 2.0}
{"P3": 12.29079939, "Agemos": 44.5, "Sex": 2.0}
{"Agemos": 44.5, "P5": 12.59011469, "Sex": 2.0}
{"P10": 13.08270906, "Agemos": 44.5, "Sex": 2.0}
{"P25": 14.00468502, "Agemos": 44.5, "Sex": 2.0}
{"Agemos": 44.5, "P50": 15.20721443, "Sex": 2.0}
{"Agemos": 44.5, "P75": 16.65352914, "Sex": 2.0}
{"P90": 18.23297548, "Agemos": 44.5, "Sex": 2.0}
{"Agemos": 44.5, "P95": 19.34169227, "Sex": 2.0}
{"P3": 12.89869431, "Agemos": 49.5, "Sex": 2.0}
{"Agemos": 49.5, "P5": 13.21863694, "Sex": 2.0}
{"P10": 13.74682181, "Agemos": 49.5, "Sex": 2.0}
{"P25": 14.74112146, "Agemos": 49.5, "Sex": 2.0}
{"Agemos": 49.5, "P50": 16.04978452, "Sex": 2.0}
{"Agemos": 49.5, "P75": 17.64264736, "Sex": 2.0}
{"P90": 19.40739437, "Agemos": 49.5, "Sex": 2.0}
{"Agemos": 49.5, "P95": 20.66293462, "Sex": 2.0}
{"P3": 13.53961547, "Agemos": 54.5, "Sex": 2.0}
{"Agemos": 54.5, "P5": 13.88039891, "Sex": 2.0}
{"P10": 14.44453095, "Agemos": 54.5, "Sex": 2.0}
{"P25": 15.51193144, "Agemos": 54.5, "Sex": 2.0}
{"Agemos": 54.5, "P50": 16.92826587, "Sex": 2.0}
{"Agemos": 54.5, "P75": 18.67104666, "Sex": 2.0}
{"P90": 20.62795467, "Agemos": 54.5, "Sex": 2.0}
{"Agemos": 54.5, "P95": 22.0380343, "Sex": 2.0}
{"P3": 14.20687088, "Agemos": 59.5, "Sex": 2.0}
{"Agemos": 59.5, "P5": 14.56896986, "Sex": 2.0}
{"P10": 15.16981002, "Agemos": 59.5, "Sex": 2.0}
{"P25": 16.31173224, "Agemos": 59.5, "Sex": 2.0}
{"Agemos": 59.5, "P50": 17.83781722, "Sex": 2.0}
{"Agemos": 59.5, "P75": 19.73395429, "Sex": 2.0}
{"P90": 21.88909396, "Agemos": 59.5, "Sex": 2.0}
{"Agemos": 59.5, "P95": 23.46031012, "Sex": 2.0}
{"P3": 14.89249907, "Agemos": 64.5, "Sex": 2.0}
{"Agemos": 64.5, "P5": 15.27694359, "Sex": 2.0}
{"P10": 15.91615695, "Agemos": 64.5, "Sex": 2.0}
{"P25": 17.13564756, "Agemos": 64.5, "Sex": 2.0}
{"Agemos": 64.5, "P50": 18.77544728, "Sex": 2.0}
{"Agemos": 64.5, "P75": 20.83006969, "Sex": 2.0}
{"P90": 23.19030686, "Agemos": 64.5, "Sex": 2.0}
{"Agemos": 64.5, "P95": 24.92896835, "Sex": 2.0}
{"P3": 15.5897467, "Agemos": 69.5, "Sex": 2.0}
{"Agemos": 69.5, "P5": 15.99830645, "Sex": 2.0}
{"P10": 16.67878363, "Agemos": 69.5, "Sex": 2.0}
{"P25": 17.98117606, "Agemos": 69.5, "Sex": 2.0}
{"Agemos": 69.5, "P50": 19.74150854, "Sex": 2.0}
{"Agemos": 69.5, "P75": 21.96271325, "Sex": 2.0}
{"P90": 24.53709941, "Agemos": 69.5, "Sex": 2.0}
{"Agemos": 69.5, "P95": 26.45004964, "Sex": 2.0}
{"P3": 16.29460329, "Agemos": 74.5, "Sex": 2.0}
{"Agemos": 74.5, "P5": 16.72986243, "Sex": 2.0}
{"P10": 17.4558574, "Agemos": 74.5, "Sex": 2.0}
{"P25": 18.84908224, "Agemos": 74.5, "Sex": 2.0}
{"Agemos": 74.5, "P50": 20.74013277, "Sex": 2.0}
{"Agemos": 74.5, "P75": 23.13975807, "Sex": 2.0}
{"P90": 25.94050589, "Agemos": 74.5, "Sex": 2.0}
{"Agemos": 74.5, "P95": 28.03579694, "Sex": 2.0}
{"P3": 17.00653572, "Agemos": 79.5, "Sex": 2.0}
{"Agemos": 79.5, "P5": 17.47186953, "Sex": 2.0}
{"P10": 18.24897012, "Agemos": 79.5, "Sex": 2.0}
{"P25": 19.74353436, "Agemos": 79.5, "Sex": 2.0}
{"Agemos": 79.5, "P50": 21.77890902, "Sex": 2.0}
{"Agemos": 79.5, "P75": 24.37274421, "Sex": 2.0}
{"P90": 27.41565556, "Agemos": 79.5, "Sex": 2.0}
{"Agemos": 79.5, "P95": 29.70296069, "Sex": 2.0}
{"P3": 17.72857693, "Agemos": 84.5, "Sex": 2.0}
{"Agemos": 84.5, "P5": 18.2280462, "Sex": 2.0}
{"P10": 19.06300261, "Agemos": 84.5, "Sex": 2.0}
{"P25": 20.67168066, "Agemos": 84.5, "Sex": 2.0}
{"Agemos": 84.5, "P50": 22.86804258, "Sex": 2.0}
{"Agemos": 84.5, "P75": 25.67549032, "Sex": 2.0}
{"P90": 28.97979428, "Agemos": 84.5, "Sex": 2.0}
{"Agemos": 84.5, "P95": 31.47048848, "Sex": 2.0}
{"P3": 18.46693089, "Agemos": 89.5, "Sex": 2.0}
{"Agemos": 89.5, "P5": 19.00510849, "Sex": 2.0}
{"P10": 19.90554403, "Agemos": 89.5, "Sex": 2.0}
{"P25": 21.64282737, "Agemos": 89.5, "Sex": 2.0}
{"Agemos": 89.5, "P50": 24.01917703, "Sex": 2.0}
{"Agemos": 89.5, "P75": 27.06243533, "Sex": 2.0}
{"P90": 30.65007797, "Agemos": 89.5, "Sex": 2.0}
{"Agemos": 89.5, "P95": 33.35697585, "Sex": 2.0}
{"P3": 19.23024402, "Agemos": 94.5, "Sex": 2.0}
{"Agemos": 94.5, "P5": 19.8119865, "Sex": 2.0}
{"P10": 20.7860129, "Agemos": 94.5, "Sex": 2.0}
{"P25": 22.6673643, "Agemos": 94.5, "Sex": 2.0}
{"Agemos": 94.5, "P50": 25.24403371, "Sex": 2.0}
{"Agemos": 94.5, "P75": 28.54689431, "Sex": 2.0}
{"P90": 32.44138436, "Agemos": 94.5, "Sex": 2.0}
{"Agemos": 94.5, "P95": 35.37817885, "Sex": 2.0}
{"P3": 20.02869944, "Agemos": 99.5, "Sex": 2.0}
{"Agemos": 99.5, "P5": 20.65886924, "Sex": 2.0}
{"P10": 21.71461721, "Agemos": 99.5, "Sex": 2.0}
{"P25": 23.75555744, "Agemos": 99.5, "Sex": 2.0}
{"Agemos": 99.5, "P50": 26.55297507, "Sex": 2.0}
{"Agemos": 99.5, "P75": 30.13934341, "Sex": 2.0}
{"P90": 34.3643086, "Agemos": 99.5, "Sex": 2.0}
{"Agemos": 99.5, "P95": 37.54482215, "Sex": 2.0}
{"P3": 20.8730018, "Agemos": 104.5, "Sex": 2.0}
{"Agemos": 104.5, "P5": 21.55615653, "Sex": 2.0}
{"P10": 22.7012502, "Agemos": 104.5, "Sex": 2.0}
{"P25": 24.9163362, "Agemos": 104.5, "Sex": 2.0}
{"Agemos": 104.5, "P50": 27.9536524, "Sex": 2.0}
{"Agemos": 104.5, "P75": 31.8459171, "Sex": 2.0}
{"P90": 36.42352136, "Agemos": 104.5, "Sex": 2.0}
{"Agemos": 104.5, "P95": 39.86085756, "Sex": 2.0}
{"P3": 21.77337689, "Agemos": 109.5, "Sex": 2.0}
{"Agemos": 109.5, "P5": 22.51343388, "Sex": 2.0}
{"P10": 23.75442484, "Agemos": 109.5, "Sex": 2.0}
{"P25": 26.15615792, "Agemos": 109.5, "Sex": 2.0}
{"Agemos": 109.5, "P50": 29.44980208, "Sex": 2.0}
{"Agemos": 109.5, "P75": 33.66717239, "Sex": 2.0}
{"P90": 38.61655976, "Agemos": 109.5, "Sex": 2.0}
{"Agemos": 109.5, "P95": 42.32228515, "Sex": 2.0}
{"P3": 22.73860975, "Agemos": 114.5, "Sex": 2.0}
{"Agemos": 114.5, "P5": 23.53850764, "Sex": 2.0}
{"P10": 24.88030638, "Agemos": 114.5, "Sex": 2.0}
{"P25": 27.47804659, "Agemos": 114.5, "Sex": 2.0}
{"Agemos": 114.5, "P50": 31.0403221, "Sex": 2.0}
{"Agemos": 114.5, "P75": 35.59726302, "Sex": 2.0}
{"P90": 40.9331551, "Agemos": 114.5, "Sex": 2.0}
{"Agemos": 114.5, "P95": 44.91658265, "Sex": 2.0}
{"P3": 23.77518637, "Agemos": 119.5, "Sex": 2.0}
{"Agemos": 119.5, "P5": 24.63656488, "Sex": 2.0}
{"P10": 26.08190616, "Agemos": 119.5, "Sex": 2.0}
{"P25": 28.88086594, "Agemos": 119.5, "Sex": 2.0}
{"Agemos": 119.5, "P50": 32.71868225, "Sex": 2.0}
{"Agemos": 119.5, "P75": 37.62356058, "Sex": 2.0}
{"P90": 43.35511467, "Agemos": 119.5, "Sex": 2.0}
{"Agemos": 119.5, "P95": 47.62275619, "Sex": 2.0}
{"P3": 24.88656847, "Agemos": 124.5, "Sex": 2.0}
{"Agemos": 124.5, "P5": 25.80949245, "Sex": 2.0}
{"P10": 27.35847906, "Agemos": 124.5, "Sex": 2.0}
{"P25": 30.35887971, "Agemos": 124.5,