{"P3": [[30.5, 83.29206184], [38.5, 87.95945137], [46.5, 92.04773605], [54.5, 96.17495324], [62.5, 100.4197939], [70.5, 104.7011761], [78.5, 108.8820206], [86.5, 112.825655], [94.5, 116.4313942], [102.5, 119.6590402], [110.5, 122.551842], [118.5, 125.2720662], [126.5, 128.1540923], [134.5, 131.6958014], [142.5, 136.2046931], [150.5, 141.0884738], [158.5, 145.0987292], [166.5, 147.6711585], [174.5, 149.1120814], [182.5, 149.8966533], [190.5, 150.3412298], [198.5, 150.6111457], [206.5, 150.7868111], [214.5, 150.9076191], [222.5, 150.9939053], [230.5, 151.0570114], [238.5, 151.1038152]], "P75": [[30.5, 92.88403041], [38.5, 98.10854769], [46.5, 102.8350319], [54.5, 107.5932772], [62.5, 112.4548114], [70.5, 117.3466121], [78.5, 122.1319914], [86.5, 126.6706308], [94.5, 130.8656354], [102.5, 134.7023324], [110.5, 138.2847346], [118.5, 141.8665172], [126.5, 145.8205935], [134.5, 150.3958583], [142.5, 155.2662534], [150.5, 159.5512908], [158.5, 162.633793], [166.5, 164.572572], [174.5, 165.7296508], [182.5, 166.4243655], [190.5, 166.8571093], [198.5, 167.1394771], [206.5, 167.3318229], [214.5, 167.4673763], [222.5, 167.5652567], [230.5, 167.6370963], [238.5, 167.6903797]], "P5": [[30.5, 84.16952943], [38.5, 88.87255864], [46.5, 93.00778484], [54.5, 97.18028656], [62.5, 101.4696357], [70.5, 105.797617], [78.5, 110.0285133], [86.5, 114.0255532], [94.5, 117.6875155], [102.5, 120.9748035], [110.5, 123.9346869], [118.5, 126.7392174], [126.5, 129.7346372], [134.5, 133.4067049], [142.5, 137.9904798], [150.5, 142.8282787], [158.5, 146.7338197], [166.5, 149.2308852], [174.5, 150.6391923], [182.5, 151.415377], [190.5, 151.8612008], [198.5, 152.1351593], [206.5, 152.3150959], [214.5, 152.4396177], [222.5, 152.52892], [230.5, 152.5944085], [238.5, 152.6430718]], "P90": [[30.5, 95.19083262], [38.5, 100.6040005], [46.5, 105.5264371], [54.5, 110.4840992], [62.5, 115.5408235], [70.5, 120.6163423], [78.5, 125.5677788], [86.5, 130.2526047], [94.5, 134.5787089], [102.5, 138.5449986], [110.5, 142.2763706], [118.5, 146.0428902], [126.5, 150.1959657], [134.5, 154.8918033], [142.5, 159.710717], [150.5, 163.8238923], [158.5, 166.7466859], [166.5, 168.5907313], [174.5, 169.7021662], [182.5, 170.3758539], [190.5, 170.7977929], [198.5, 171.0732871], [206.5, 171.2603693], [214.5, 171.3915221], [222.5, 171.4856495], [230.5, 171.5543121], [238.5, 171.6049444]], "P95": [[30.5, 96.57635253], [38.5, 102.112939], [46.5, 107.161296], [54.5, 112.2483051], [62.5, 117.4319846], [70.5, 122.6256361], [78.5, 127.6811055], [86.5, 132.4541587], [94.5, 136.8564598], [102.5, 140.8967672], [110.5, 144.7138712], [118.5, 148.586526], [126.5, 152.8473131], [134.5, 157.591847], [142.5, 162.3563754], [150.5, 166.3618445], [158.5, 169.1990151], [166.5, 170.9959407], [174.5, 172.0839168], [182.5, 172.7450799], [190.5, 173.1591301], [198.5, 173.4287717], [206.5, 173.6110831], [214.5, 173.7382228], [222.5, 173.8289744], [230.5, 173.8948277], [238.5, 173.9431517]], "P10": [[30.5, 85.52398013], [38.5, 90.28810699], [46.5, 94.50021028], [54.5, 98.74731484], [62.5, 103.1097819], [70.5, 107.5130874], [78.5, 111.8231928], [86.5, 115.9031127], [94.5, 119.651101], [102.5, 123.029093], [110.5, 126.0911208], [118.5, 129.0238124], [126.5, 132.1884911], [134.5, 136.0475846], [142.5, 140.7294775], [150.5, 145.4925187], [158.5, 149.2449147], [166.5, 151.6329115], [174.5, 152.9936001], [182.5, 153.7569057], [190.5, 154.2037023], [198.5, 154.4827098], [206.5, 154.6681084], [214.5, 154.7973849], [222.5, 154.8905318], [230.5, 154.9590395], [238.5, 155.0100454]], "P50": [[30.5, 90.33341722], [38.5, 95.37391918], [46.5, 99.9033122], [54.5, 104.4634511], [62.5, 109.1315521], [70.5, 113.8380006], [78.5, 118.4496481], [86.5, 122.827864], [94.5, 126.8724284], [102.5, 130.5573839], [110.5, 133.9667073], [118.5, 137.3332846], [126.5, 141.0396832], [134.5, 145.4240246], [142.5, 150.2920328], [150.5, 154.755501], [158.5, 158.0411233], [166.5, 160.1093647], [174.5, 161.3267744], [182.5, 162.0449969], [190.5, 162.4862071], [198.5, 162.7718741], [206.5, 162.9660131], [214.5, 163.1029943], [222.5, 163.202203], [230.5, 163.2752848], [238.5, 163.3296918]], "P25": [[30.5, 87.7960919], [38.5, 92.67925322], [46.5, 97.03253788], [54.5, 101.4179641], [62.5, 105.9155982], [70.5, 110.4549317], [78.5, 114.9034294], [86.5, 119.1235313], [94.5, 123.0135084], [102.5, 126.5396411], [110.5, 129.7689053], [118.5, 132.9108849], [126.5, 136.3432832], [134.5, 140.4774848], [142.5, 145.2779986], [150.5, 149.9058698], [158.5, 153.4233611], [166.5, 155.6475179], [174.5, 156.9355896], [182.5, 157.6774719], [190.5, 158.1233583], [198.5, 158.407663], [206.5, 158.5992207], [214.5, 158.7338824], [222.5, 158.8313341], [230.5, 158.9031682], [238.5, 158.9567122]]}