{"P3": [[0.0, 44.9250978], [0.5, 47.97812373], [1.5, 52.19859469], [2.5, 55.2632178], [3.5, 57.73049293], [4.5, 59.82568616], [5.5, 61.66383709], [6.5, 63.31224239], [7.5, 64.8139542], [8.5, 66.1983257], [9.5, 67.48634824], [10.5, 68.69360304], [11.5, 69.83200143], [12.5, 70.91087824], [13.5, 71.93769721], [14.5, 72.91853025], [15.5, 73.8583906], [16.5, 74.76147075], [17.5, 75.63131645], [18.5, 76.47095628], [19.5, 77.28300001], [20.5, 78.06971429], [21.5, 78.83308172], [22.5, 79.57484556], [23.5, 80.29655659], [24.5, 80.9995873], [25.5, 81.74463953], [26.5, 82.47365273], [27.5, 83.18812206], [28.5, 83.88930684], [29.5, 84.57826389], [30.5, 85.25588692], [31.5, 85.9229396], [32.5, 86.58008511], [33.5, 87.22791274], [34.5, 87.86696172], [35.5, 88.49774096]], "P75": [[0.0, 51.77125749], [0.5, 54.44054313], [1.5, 58.35059408], [2.5, 61.33788093], [3.5, 63.82542604], [4.5, 65.99130663], [5.5, 67.92934759], [6.5, 69.6957947], [7.5, 71.32735362], [8.5, 72.84947001], [9.5, 74.2806019], [10.5, 75.63461845], [11.5, 76.92224328], [12.5, 78.15195849], [13.5, 79.33060669], [14.5, 80.46379892], [15.5, 81.55620169], [16.5, 82.61174387], [17.5, 83.633769], [18.5, 84.62514968], [19.5, 85.58837479], [20.5, 86.5256172], [21.5, 87.43878685], [22.5, 88.32957471], [23.5, 89.19947894], [24.5, 90.04984549], [25.5, 90.87870056], [26.5, 91.68467603], [27.5, 92.46928892], [28.5, 93.23384749], [29.5, 93.97950843], [30.5, 94.70731654], [31.5, 95.41823885], [32.5, 96.11319217], [33.5, 96.79306504], [34.5, 97.4587349], [35.5, 98.11108261]], "P5": [[0.0, 45.5684091], [0.5, 48.55809206], [1.5, 52.72610659], [2.5, 55.7734505], [3.5, 58.23744339], [4.5, 60.33646905], [5.5, 62.18260807], [6.5, 63.84166131], [7.5, 65.35583849], [8.5, 66.75397985], [9.5, 68.05674555], [10.5, 69.27949219], [11.5, 70.43397431], [12.5, 71.52941204], [13.5, 72.57318381], [14.5, 73.57129631], [15.5, 74.5287119], [16.5, 75.44958259], [17.5, 76.3374214], [18.5, 77.19523002], [19.5, 78.02559584], [20.5, 78.83076661], [21.5, 79.61270882], [22.5, 80.37315285], [23.5, 81.11363482], [24.5, 81.83551818], [25.5, 82.58135344], [26.5, 83.31105283], [27.5, 84.02609006], [28.5, 84.72769162], [29.5, 85.41688027], [30.5, 86.09451745], [31.5, 86.76133892], [32.5, 87.41798587], [33.5, 88.06503203], [34.5, 88.70300745], [35.5, 89.33241837]], "P90": [[0.0, 53.36153475], [0.5, 56.03444099], [1.5, 59.96640329], [2.5, 62.981581], [3.5, 65.49858004], [4.5, 67.69404787], [5.5, 69.6612233], [6.5, 71.45609163], [7.5, 73.11524683], [8.5, 74.66409757], [9.5, 76.1211038], [10.5, 77.50015825], [11.5, 78.81201697], [12.5, 80.06520155], [13.5, 81.26659566], [14.5, 82.42185154], [15.5, 83.53567593], [16.5, 84.61203638], [17.5, 85.65431315], [18.5, 86.66541349], [19.5, 87.64785881], [20.5, 88.60385242], [21.5, 89.53533266], [22.5, 90.44401549], [23.5, 91.33142741], [24.5, 92.19893497], [25.5, 93.07143353], [26.5, 93.91817465], [27.5, 94.74063663], [28.5, 95.54016226], [29.5, 96.31799565], [30.5, 97.0753111], [31.5, 97.8132366], [32.5, 98.53287254], [33.5, 99.23530653], [34.5, 99.92162482], [35.5, 100.5929212]], "P95": [[0.0, 54.30721197], [0.5, 56.99907737], [1.5, 60.96465379], [2.5, 64.00788549], [3.5, 66.5488903], [4.5, 68.76537757], [5.5, 70.75128299], [6.5, 72.56306798], [7.5, 74.23766746], [8.5, 75.80074408], [9.5, 77.2709525], [10.5, 78.66233936], [11.5, 79.98578218], [12.5, 81.24990316], [13.5, 82.46166865], [14.5, 83.62680003], [15.5, 84.75006241], [16.5, 85.83547302], [17.5, 86.88645473], [18.5, 87.90595157], [19.5, 88.89651687], [20.5, 89.86038176], [21.5, 90.79950901], [22.5, 91.71563468], [23.5, 92.6103075], [24.5, 93.48490873], [25.5, 94.38774522], [26.5, 95.26300076], [27.5, 96.1121012], [28.5, 96.93639476], [29.5, 97.73717289], [30.5, 98.51569104], [31.5, 99.27318378], [32.5, 100.0108765], [33.5, 100.7299947], [34.5, 101.4317705], [35.5, 102.1174472]], "P10": [[0.0, 46.55429302], [0.5, 49.45780383], [1.5, 53.55364657], [2.5, 56.57772145], [3.5, 59.03830227], [4.5, 61.14409605], [5.5, 63.00295962], [6.5, 64.6785365], [7.5, 66.21181225], [8.5, 67.63087749], [9.5, 68.95590629], [10.5, 70.20192461], [11.5, 71.38045547], [12.5, 72.50054958], [13.5, 73.56945922], [14.5, 74.59309471], [15.5, 75.57634333], [16.5, 76.52329754], [17.5, 77.43742235], [18.5, 78.32168023], [19.5, 79.1786261], [20.5, 80.01048051], [21.5, 80.81918694], [22.5, 81.6064575], [23.5, 82.37380806], [24.5, 83.12258949], [25.5, 83.87244978], [26.5, 84.60576246], [27.5, 85.32398912], [28.5, 86.02832996], [29.5, 86.71977994], [30.5, 87.39917477], [31.5, 88.06722988], [32.5, 88.72457345], [33.5, 89.37177427], [34.5, 90.00936536], [35.5, 90.63786404]], "P50": [[0.0, 49.98888408], [0.5, 52.6959753], [1.5, 56.62842855], [2.5, 59.60895343], [3.5, 62.07700027], [4.5, 64.2168641], [5.5, 66.1253149], [6.5, 67.8601799], [7.5, 69.45908458], [8.5, 70.94803912], [9.5, 72.34586111], [10.5, 73.6666541], [11.5, 74.92129717], [12.5, 76.11837536], [13.5, 77.26479911], [14.5, 78.36622309], [15.5, 79.4273405], [16.5, 80.45209492], [17.5, 81.44383603], [18.5, 82.40543643], [19.5, 83.33938063], [20.5, 84.24783394], [21.5, 85.13269658], [22.5, 85.9956488], [23.5, 86.8381751], [24.5, 87.66160934], [25.5, 88.45247282], [26.5, 89.22326434], [27.5, 89.97549228], [28.5, 90.71040853], [29.5, 91.42907762], [30.5, 92.13242379], [31.5, 92.82127167], [32.5, 93.49637946], [33.5, 94.15846546], [34.5, 94.80822923], [35.5, 95.44636981]], "P25": [[0.0, 48.18937381], [0.5, 50.97918889], [1.5, 54.97910441], [2.5, 57.97439882], [3.5, 60.43433439], [4.5, 62.55408849], [5.5, 64.43546338], [6.5, 66.13895735], [7.5, 67.70375], [8.5, 69.15681718], [9.5, 70.51760636], [10.5, 71.80064815], [11.5, 73.01711846], [12.5, 74.17581483], [13.5, 75.28380189], [14.5, 76.34684777], [15.5, 77.36973004], [16.5, 78.35645533], [17.5, 79.31042062], [18.5, 80.23453383], [19.5, 81.13130578], [20.5, 82.00292107], [21.5, 82.85129371], [22.5, 83.67811296], [23.5, 84.48487091], [24.5, 85.27290404], [25.5, 86.03702902], [26.5, 86.78329346], [27.5, 87.513174], [28.5, 88.22787587], [29.5, 88.92840117], [30.5, 89.61559787], [31.5, 90.29020177], [32.5, 90.95287107], [33.5, 91.60421467], [34.5, 92.24481515], [35.5, 92.87524861]]}