{"P3": [[0.0, 2.414111983], [0.5, 2.756916984], [1.5, 3.402293298], [2.5, 3.997805608], [3.5, 4.54738333], [4.5, 5.054538727], [5.5, 5.522500226], [6.5, 5.954272494], [7.5, 6.352668277], [8.5, 6.720327734], [9.5, 7.059731719], [10.5, 7.373211901], [11.5, 7.662959063], [12.5, 7.93103031], [13.5, 8.179355552], [14.5, 8.409743555], [15.5, 8.62388725], [16.5, 8.82336957], [17.5, 9.00966812], [18.5, 9.184160166], [19.5, 9.348127323], [20.5, 9.502760074], [21.5, 9.649162144], [22.5, 9.788354721], [23.5, 9.921280547], [24.5, 10.04880788], [25.5, 10.17173431], [26.5, 10.29079052], [27.5, 10.40664383], [28.5, 10.51990171], [29.5, 10.63111516], [30.5, 10.74078194], [31.5, 10.84934975], [32.5, 10.95721927], [33.5, 11.06474677], [34.5, 11.17224778], [35.5, 11.27999893], [36.0, 11.33404488]], "P75": [[0.0, 3.717519384], [0.5, 4.145593668], [1.5, 4.946765504], [2.5, 5.680083196], [3.5, 6.351511983], [4.5, 6.966523789], [5.5, 7.53018045], [6.5, 8.047178246], [7.5, 8.52187726], [8.5, 8.958324062], [9.5, 9.360270982], [10.5, 9.7311934], [11.5, 10.07430572], [12.5, 10.39257636], [13.5, 10.68874201], [14.5, 10.96532105], [15.5, 11.2246268], [16.5, 11.46877937], [17.5, 11.69971783], [18.5, 11.91921144], [19.5, 12.1288704], [20.5, 12.3301562], [21.5, 12.52439148], [22.5, 12.71276942], [23.5, 12.89636272], [24.5, 13.07613212], [25.5, 13.25293459], [26.5, 13.42753102], [27.5, 13.60059358], [28.5, 13.77271274], [29.5, 13.94440383], [30.5, 14.11611337], [31.5, 14.28822496], [32.5, 14.46106492], [33.5, 14.634908], [34.5, 14.80998135], [35.5, 14.98647034], [36.0, 15.07529315]], "P5": [[0.0, 2.54790518], [0.5, 2.894442278], [1.5, 3.547610305], [2.5, 4.150638506], [3.5, 4.70712251], [4.5, 5.220487543], [5.5, 5.693974176], [6.5, 6.130641295], [7.5, 6.533372908], [8.5, 6.904885578], [9.5, 7.247735767], [10.5, 7.564326904], [11.5, 7.856916169], [12.5, 8.127621012], [13.5, 8.378425424], [14.5, 8.611186014], [15.5, 8.827637666], [16.5, 9.029399482], [17.5, 9.217979979], [18.5, 9.394782429], [19.5, 9.561109949], [20.5, 9.718170424], [21.5, 9.867081272], [22.5, 10.00887405], [23.5, 10.14449891], [24.5, 10.27482891], [25.5, 10.40066414], [26.5, 10.52273581], [27.5, 10.64171007], [28.5, 10.7581918], [29.5, 10.8727282], [30.5, 10.98581228], [31.5, 11.09788625], [32.5, 11.2093447], [33.5, 11.32053756], [34.5, 11.43177357], [35.5, 11.54332263], [36.0, 11.59928903]], "P90": [[0.0, 3.992572231], [0.5, 4.450125603], [1.5, 5.305632496], [2.5, 6.08764077], [3.5, 6.802769825], [4.5, 7.45711879], [5.5, 8.056331004], [6.5, 8.605635546], [7.5, 9.109878097], [8.5, 9.573546299], [9.5, 10.00079194], [10.5, 10.3954511], [11.5, 10.76106284], [12.5, 11.10088678], [13.5, 11.4179197], [14.5, 11.7149113], [15.5, 11.99437938], [16.5, 12.258624], [17.5, 12.50974133], [18.5, 12.74963667], [19.5, 12.98003694], [20.5, 13.20250263], [21.5, 13.41843913], [22.5, 13.62910755], [23.5, 13.8356351], [24.5, 14.03902484], [25.5, 14.24016506], [26.5, 14.43983817], [27.5, 14.63872906], [28.5, 14.83743314], [29.5, 15.03646393], [30.5, 15.23626013], [31.5, 15.43719248], [32.5, 15.63957012], [33.5, 15.84364677], [34.5, 16.04962601], [35.5, 16.25766706], [36.0, 16.36249956]], "P95": [[0.0, 4.152636594], [0.5, 4.628836382], [1.5, 5.51916925], [2.5, 6.332837055], [3.5, 7.076722522], [4.5, 7.757233948], [5.5, 8.380329759], [6.5, 8.951543685], [7.5, 9.476008728], [8.5, 9.958479736], [9.5, 10.40335475], [10.5, 10.81469528], [11.5, 11.19624565], [12.5, 11.5514514], [13.5, 11.88347697], [14.5, 12.19522253], [15.5, 12.48934], [16.5, 12.76824867], [17.5, 13.03414978], [18.5, 13.28904061], [19.5, 13.53472797], [20.5, 13.77284102], [21.5, 14.00484351], [22.5, 14.23204547], [23.5, 14.45561433], [24.5, 14.67658549], [25.5, 14.89587242], [26.5, 15.11427618], [27.5, 15.33249457], [28.5, 15.55113065], [29.5, 15.770701], [30.5, 15.99164336], [31.5, 16.21432393], [32.5, 16.43904429], [33.5, 16.66604772], [34.5, 16.89552564], [35.5, 17.12762297], [36.0, 17.24468787]], "P10": [[0.0, 2.747222257], [0.5, 3.101767067], [1.5, 3.770157472], [2.5, 4.387041982], [3.5, 4.95592631], [4.5, 5.480295205], [5.5, 5.963510428], [6.5, 6.408775097], [7.5, 6.819122283], [8.5, 7.197413532], [9.5, 7.546341788], [10.5, 7.868436369], [11.5, 8.166068895], [12.5, 8.441459662], [13.5, 8.696684147], [14.5, 8.933679535], [15.5, 9.154251142], [16.5, 9.360078736], [17.5, 9.55272268], [18.5, 9.733629905], [19.5, 9.904139709], [20.5, 10.06548937], [21.5, 10.21881956], [22.5, 10.3651796], [23.5, 10.50553251], [24.5, 10.64075987], [25.5, 10.77166654], [26.5, 10.89898515], [27.5, 11.02338047], [28.5, 11.14545358], [29.5, 11.26574591], [30.5, 11.38474303], [31.5, 11.50287842], [32.5, 11.62053697], [33.5, 11.73805834], [34.5, 11.85574032], [35.5, 11.9738418], [36.0, 12.03312087]], "P50": [[0.0, 3.39918645], [0.5, 3.79752846], [1.5, 4.544776513], [2.5, 5.230584214], [3.5, 5.859960798], [4.5, 6.437587751], [5.5, 6.967850457], [6.5, 7.454854109], [7.5, 7.902436186], [8.5, 8.314178377], [9.5, 8.693418423], [10.5, 9.043261854], [11.5, 9.366593571], [12.5, 9.666089185], [13.5, 9.944226063], [14.5, 10.20329397], [15.5, 10.4454058], [16.5, 10.67250698], [17.5, 10.88638558], [18.5, 11.08868151], [19.5, 11.28089537], [20.5, 11.46439708], [21.5, 11.64043402], [22.5, 11.81013895], [23.5, 11.97453748], [24.5, 12.13455528], [25.5, 12.2910249], [26.5, 12.44469237], [27.5, 12.59622335], [28.5, 12.74620911], [29.5, 12.89517218], [30.5, 13.04357164], [31.5, 13.19180827], [32.5, 13.34022934], [33.5, 13.48913357], [34.5, 13.63877446], [35.5, 13.78936547], [36.0, 13.86507382]], "P25": [[0.0, 3.06486465], [0.5, 3.437628263], [1.5, 4.13899376], [2.5, 4.784820426], [3.5, 5.379141034], [4.5, 5.92588831], [5.5, 6.428828208], [6.5, 6.891533095], [7.5, 7.317373091], [8.5, 7.709516114], [9.5, 8.070932165], [10.5, 8.404399764], [11.5, 8.712513432], [12.5, 8.997691667], [13.5, 9.262185089], [14.5, 9.508084539], [15.5, 9.737329319], [16.5, 9.951714686], [17.5, 10.15289979], [18.5, 10.34241498], [19.5, 10.52166904], [20.5, 10.69195601], [21.5, 10.85446195], [22.5, 11.01027128], [23.5, 11.16037297], [24.5, 11.30566645], [25.5, 11.44696728], [26.5, 11.58501256], [27.5, 11.72046615], [28.5, 11.8539236], [29.5, 11.98591692], [30.5, 12.11691911], [31.5, 12.24734843], [32.5, 12.37757256], [33.5, 12.50791269], [34.5, 12.63864672], [35.5, 12.77001339], [36.0, 12.83599859]]}