{"P3": [[0.0, 2.355450986], [0.5, 2.799548641], [1.5, 3.614688072], [2.5, 4.34234145], [3.5, 4.992897896], [4.5, 5.575169066], [5.5, 6.096775274], [6.5, 6.564430346], [7.5, 6.984123338], [8.5, 7.361236116], [9.5, 7.700624405], [10.5, 8.006677447], [11.5, 8.283364855], [12.5, 8.534275028], [13.5, 8.762648582], [14.5, 8.971407287], [15.5, 9.163180317], [16.5, 9.340328068], [17.5, 9.504964014], [18.5, 9.658974787], [19.5, 9.804039109], [20.5, 9.941644878], [21.5, 10.07310549], [22.5, 10.19957488], [23.5, 10.32206165], [24.5, 10.4414422], [25.5, 10.55847309], [26.5, 10.67380261], [27.5, 10.78798156], [28.5, 10.90147346], [29.5, 11.01466395], [30.5, 11.12786972], [31.5, 11.24134752], [32.5, 11.3552982], [33.5, 11.46987977], [34.5, 11.58520959], [35.5, 11.70137143], [36.0, 11.75978387]], "P75": [[0.0, 3.879076559], [0.5, 4.387422565], [1.5, 5.327327567], [2.5, 6.175598158], [3.5, 6.942217106], [4.5, 7.635323002], [5.5, 8.262032991], [6.5, 8.828786159], [7.5, 9.34149038], [8.5, 9.805593364], [9.5, 10.22612395], [10.5, 10.60772151], [11.5, 10.9546603], [12.5, 11.27087147], [13.5, 11.55996332], [14.5, 11.82524099], [15.5, 12.06972515], [16.5, 12.29616991], [17.5, 12.50708008], [18.5, 12.70472779], [19.5, 12.89116805], [20.5, 13.06825426], [21.5, 13.23765258], [22.5, 13.40085582], [23.5, 13.55919667], [24.5, 13.71386029], [25.5, 13.86589625], [26.5, 14.0162298], [27.5, 14.1656725], [28.5, 14.31493214], [29.5, 14.46462206], [30.5, 14.61526973], [31.5, 14.76732387], [32.5, 14.9211657], [33.5, 15.07710916], [34.5, 15.23541179], [35.5, 15.3962791], [36.0, 15.47772447]], "P5": [[0.0, 2.52690402], [0.5, 2.964655655], [1.5, 3.774848862], [2.5, 4.503255345], [3.5, 5.157411653], [4.5, 5.744751566], [5.5, 6.272175299], [6.5, 6.745992665], [7.5, 7.171952393], [8.5, 7.555286752], [9.5, 7.90075516], [10.5, 8.212683538], [11.5, 8.494999555], [12.5, 8.751264252], [13.5, 8.984701111], [14.5, 9.198222429], [15.5, 9.394453831], [16.5, 9.575756968], [17.5, 9.744250626], [18.5, 9.901830339], [19.5, 10.05018686], [20.5, 10.19082308], [21.5, 10.32507004], [22.5, 10.45410181], [23.5, 10.57894925], [24.5, 10.70051298], [25.5, 10.81957536], [26.5, 10.93681171], [27.5, 11.05280067], [28.5, 11.168034], [29.5, 11.28292555], [30.5, 11.3978197], [31.5, 11.51299966], [32.5, 11.62869248], [33.5, 11.74507947], [34.5, 11.86229971], [35.5, 11.98045644], [36.0, 12.03991048]], "P90": [[0.0, 4.17249339], [0.5, 4.718161283], [1.5, 5.728152752], [2.5, 6.638979132], [3.5, 7.460702368], [4.5, 8.202193202], [5.5, 8.871384112], [6.5, 9.47546616], [7.5, 10.02101374], [8.5, 10.51406421], [9.5, 10.96017225], [10.5, 11.36445045], [11.5, 11.73160184], [12.5, 12.06594792], [13.5, 12.37145331], [14.5, 12.65174864], [15.5, 12.91015164], [16.5, 13.14968707], [17.5, 13.37310558], [18.5, 13.58290165], [19.5, 13.78133058], [20.5, 13.9704249], [21.5, 14.15200982], [22.5, 14.3277181], [23.5, 14.49900418], [24.5, 14.6671577], [25.5, 14.83331632], [26.5, 14.99847794], [27.5, 15.16351231], [28.5, 15.32917196], [29.5, 15.49610261], [30.5, 15.66485286], [31.5, 15.83588308], [32.5, 16.00957526], [33.5, 16.18623873], [34.5, 16.36611917], [35.5, 16.54940494], [36.0, 16.6423691]], "P95": [[0.0, 4.34029274], [0.5, 4.910130108], [1.5, 5.967101615], [2.5, 6.921119162], [3.5, 7.781401145], [4.5, 8.556813353], [5.5, 9.255614546], [6.5, 9.885435743], [7.5, 10.45331433], [8.5, 10.96573632], [9.5, 11.42867623], [10.5, 11.84763282], [11.5, 12.2276612], [12.5, 12.57340193], [13.5, 12.88910809], [14.5, 13.17867019], [15.5, 13.44563963], [16.5, 13.6932508], [17.5, 13.92444193], [18.5, 14.14187481], [19.5, 14.34795358], [20.5, 14.54484233], [21.5, 14.73448194], [22.5, 14.91860604], [23.5, 15.09875606], [24.5, 15.27629562], [25.5, 15.45242405], [26.5, 15.62818936], [27.5, 15.80450043], [28.5, 15.98213866], [29.5, 16.16176896], [30.5, 16.34395024], [31.5, 16.52914562], [32.5, 16.71773017], [33.5, 16.91000241], [34.5, 17.10619066], [35.5, 17.30646132], [36.0, 17.40816491]], "P10": [[0.0, 2.773801848], [0.5, 3.209510017], [1.5, 4.020561446], [2.5, 4.754479354], [3.5, 5.416802856], [4.5, 6.01371624], [5.5, 6.551379244], [6.5, 7.035656404], [7.5, 7.472021438], [8.5, 7.865532922], [9.5, 8.220839211], [10.5, 8.542195484], [11.5, 8.833485623], [12.5, 9.098245709], [13.5, 9.339687673], [14.5, 9.560722369], [15.5, 9.763981751], [16.5, 9.951839998], [17.5, 10.12643352], [18.5, 10.28967982], [19.5, 10.44329524], [20.5, 10.58881155], [21.5, 10.72759156], [22.5, 10.86084353], [23.5, 10.98963476], [24.5, 11.11490406], [25.5, 11.23747341], [26.5, 11.35805876], [27.5, 11.47727994], [28.5, 11.59566994], [29.5, 11.7136834], [30.5, 11.8317045], [31.5, 11.95005435], [32.5, 12.06899744], [33.5, 12.18874835], [34.5, 12.30947723], [35.5, 12.43131521], [36.0, 12.49268178]], "P50": [[0.0, 3.530203168], [0.5, 4.003106424], [1.5, 4.879525083], [2.5, 5.672888765], [3.5, 6.391391982], [4.5, 7.041836432], [5.5, 7.630425182], [6.5, 8.162951035], [7.5, 8.644832479], [8.5, 9.081119817], [9.5, 9.476500305], [10.5, 9.835307701], [11.5, 10.16153567], [12.5, 10.45885399], [13.5, 10.7306256], [14.5, 10.97992482], [15.5, 11.20955529], [16.5, 11.4220677], [17.5, 11.61977698], [18.5, 11.80477902], [19.5, 11.9789663], [20.5, 12.14404334], [21.5, 12.30154103], [22.5, 12.45283028], [23.5, 12.59913494], [24.5, 12.74154396], [25.5, 12.88102276], [26.5, 13.01842382], [27.5, 13.1544966], [28.5, 13.28989667], [29.5, 13.42519408], [30.5, 13.56088113], [31.5, 13.69737858], [32.5, 13.83504622], [33.5, 13.97418199], [34.5, 14.1150324], [35.5, 14.25779618], [36.0, 14.32994444]], "P25": [[0.0, 3.150611082], [0.5, 3.597395573], [1.5, 4.428872952], [2.5, 5.183377547], [3.5, 5.866806254], [4.5, 6.484969167], [5.5, 7.043626918], [6.5, 7.548345716], [7.5, 8.004398775], [8.5, 8.416718775], [9.5, 8.789881892], [10.5, 9.128109523], [11.5, 9.43527941], [12.5, 9.714941801], [13.5, 9.970337596], [14.5, 10.20441778], [15.5, 10.41986276], [16.5, 10.61910138], [17.5, 10.80432929], [18.5, 10.97752662], [19.5, 11.14047457], [20.5, 11.2947714], [21.5, 11.44184727], [22.5, 11.58297823], [23.5, 11.7192993], [24.5, 11.85181666], [25.5, 11.98141892], [26.5, 12.10888759], [27.5, 12.23490671], [28.5, 12.36007175], [29.5, 12.48489772], [30.5, 12.60982671], [31.5, 12.73523417], [32.5, 12.86143776], [33.5, 12.98869905], [34.5, 13.11723187], [35.5, 13.24720657], [36.0, 13.31277633]]}