{"P3": [[0.0, 45.09488261], [0.5, 47.46915792], [1.5, 50.95700562], [2.5, 53.62925292], [3.5, 55.85939936], [4.5, 57.80470109], [5.5, 59.54799297], [6.5, 61.13893122], [7.5, 62.60993179], [8.5, 63.98348087], [9.5, 65.27590347], [10.5, 66.49947935], [11.5, 67.66371146], [12.5, 68.77612694], [13.5, 69.84280474], [14.5, 70.86873555], [15.5, 71.85807481], [16.5, 72.81432502], [17.5, 73.74047006], [18.5, 74.63907612], [19.5, 75.51236875], [20.5, 76.36229263], [21.5, 77.19055854], [22.5, 77.99868072], [23.5, 78.78800783], [24.5, 79.55974326], [25.5, 80.33998364], [26.5, 81.11331525], [27.5, 81.87334278], [28.5, 82.61506447], [29.5, 83.33473293], [30.5, 84.02971817], [31.5, 84.69836716], [32.5, 85.3398692], [33.5, 85.95413399], [34.5, 86.5416688], [35.5, 87.10348874]], "P75": [[0.0, 51.01869574], [0.5, 53.36362339], [1.5, 56.93136077], [2.5, 59.74044694], [3.5, 62.12329513], [4.5, 64.22507127], [5.5, 66.12417852], [6.5, 67.86849937], [7.5, 69.4897495], [8.5, 71.01018905], [9.5, 72.44613669], [10.5, 73.80996848], [11.5, 75.11132946], [12.5, 76.35790617], [13.5, 77.55593964], [14.5, 78.71057805], [15.5, 79.82612621], [16.5, 80.90622641], [17.5, 81.95399237], [18.5, 82.9721104], [19.5, 83.96291696], [20.5, 84.92845908], [21.5, 85.87054197], [22.5, 86.79076712], [23.5, 87.69056226], [24.5, 88.57120953], [25.5, 89.50562438], [26.5, 90.40981965], [27.5, 91.28258036], [28.5, 92.12313138], [29.5, 92.93112624], [30.5, 93.7066212], [31.5, 94.45004782], [32.5, 95.16218257], [33.5, 95.84411175], [34.5, 96.49720519], [35.5, 97.12307204]], "P5": [[0.0, 45.5756074], [0.5, 47.96323977], [1.5, 51.4799569], [2.5, 54.17907364], [3.5, 56.43334947], [4.5, 58.40032437], [5.5, 60.16323075], [6.5, 61.77208015], [7.5, 63.25957954], [8.5, 64.64844828], [9.5, 65.95519757], [10.5, 67.19225646], [11.5, 68.36924855], [12.5, 69.49379917], [13.5, 70.57206791], [14.5, 71.60911222], [15.5, 72.60914323], [16.5, 73.57571021], [17.5, 74.51183666], [18.5, 75.42012252], [19.5, 76.30282224], [20.5, 77.16190547], [21.5, 77.9991046], [22.5, 78.81595272], [23.5, 79.61381456], [24.5, 80.39390918], [25.5, 81.18804253], [26.5, 81.97222927], [27.5, 82.74084468], [28.5, 83.48950736], [29.5, 84.2149589], [30.5, 84.91494389], [31.5, 85.58808886], [32.5, 86.23378572], [33.5, 86.85208427], [34.5, 87.44358723], [35.5, 88.00936554]], "P90": [[0.0, 52.70250115], [0.5, 54.96222276], [1.5, 58.45612369], [2.5, 61.24305751], [3.5, 63.6264785], [4.5, 65.74095895], [5.5, 67.65995218], [6.5, 69.42868425], [7.5, 71.07731063], [8.5, 72.62711495], [9.5, 74.09377512], [10.5, 75.4892313], [11.5, 76.82282345], [12.5, 78.10201973], [13.5, 79.33290204], [14.5, 80.52050098], [15.5, 81.66903345], [16.5, 82.78207554], [17.5, 83.86269087], [18.5, 84.91352766], [19.5, 85.93689348], [20.5, 86.93481346], [21.5, 87.9090764], [22.5, 88.8612716], [23.5, 89.79281852], [24.5, 90.70499153], [25.5, 91.67717995], [26.5, 92.61658225], [27.5, 93.52226565], [28.5, 94.39371454], [29.5, 95.2308179], [30.5, 96.03384732], [31.5, 96.8034301], [32.5, 97.54051914], [33.5, 98.24636075], [34.5, 98.92246313], [35.5, 99.57056254]], "P95": [[0.0, 53.77290878], [0.5, 55.96094226], [1.5, 59.38910734], [2.5, 62.15165579], [3.5, 64.52875326], [4.5, 66.64652556], [5.5, 68.57451607], [6.5, 70.35586907], [7.5, 72.01952455], [8.5, 73.58600806], [9.5, 75.07050088], [10.5, 76.48460495], [11.5, 77.83742285], [12.5, 79.13625191], [13.5, 80.3870486], [14.5, 81.59474986], [15.5, 82.76350174], [16.5, 83.89682611], [17.5, 84.99774469], [18.5, 86.06887316], [19.5, 87.11249363], [20.5, 88.13061128], [21.5, 89.12499925], [22.5, 90.09723454], [23.5, 91.04872752], [24.5, 91.98074369], [25.5, 92.97573731], [26.5, 93.93692673], [27.5, 94.86338935], [28.5, 95.75464088], [29.5, 96.61061463], [30.5, 97.43163806], [31.5, 98.21840208], [32.5, 98.97192777], [33.5, 99.69353355], [34.5, 100.384796], [35.5, 101.0475227]], "P10": [[0.0, 46.33933651], [0.5, 48.74248168], [1.5, 52.29626871], [2.5, 55.03144306], [3.5, 57.31892438], [4.5, 59.31632768], [5.5, 61.10725836], [6.5, 62.74210283], [7.5, 64.2538878], [8.5, 65.6655939], [9.5, 66.99394371], [10.5, 68.25153766], [11.5, 69.44813905], [12.5, 70.5914881], [13.5, 71.6878396], [14.5, 72.74233055], [15.5, 73.75923909], [16.5, 74.74217142], [17.5, 75.69419965], [18.5, 76.61796557], [19.5, 77.51575989], [20.5, 78.3895838], [21.5, 79.24119737], [22.5, 80.07215803], [23.5, 80.88385147], [24.5, 81.67751732], [25.5, 82.49318413], [26.5, 83.29458969], [27.5, 84.07717332], [28.5, 84.83741222], [29.5, 85.57272806], [30.5, 86.28139027], [31.5, 86.96242078], [32.5, 87.61550158], [33.5, 88.24088648], [34.5, 88.83931978], [35.5, 89.41195884]], "P50": [[0.0, 49.28639612], [0.5, 51.68358057], [1.5, 55.28612813], [2.5, 58.09381906], [3.5, 60.45980763], [4.5, 62.53669656], [5.5, 64.40632762], [6.5, 66.11841553], [7.5, 67.70574419], [8.5, 69.19123614], [9.5, 70.59163924], [10.5, 71.91961673], [11.5, 73.1850104], [12.5, 74.39564379], [13.5, 75.5578544], [14.5, 76.67685871], [15.5, 77.75700986], [16.5, 78.80198406], [17.5, 79.81491852], [18.5, 80.79851532], [19.5, 81.75512092], [20.5, 82.6867881], [21.5, 83.59532461], [22.5, 84.48233206], [23.5, 85.34923624], [24.5, 86.1973169], [25.5, 87.09026318], [26.5, 87.95714182], [27.5, 88.7960184], [28.5, 89.6055115], [29.5, 90.38476689], [30.5, 91.13341722], [31.5, 91.8515436], [32.5, 92.5396352], [33.5, 93.19854429], [34.5, 93.82945392], [35.5, 94.43382278]], "P25": [[0.0, 47.68345469], [0.5, 50.09685513], [1.5, 53.69078138], [2.5, 56.47125217], [3.5, 58.80346208], [4.5, 60.84386229], [5.5, 62.67589709], [6.5, 64.35005344], [7.5, 65.89952096], [8.5, 67.34744593], [9.5, 68.71070188], [10.5, 70.00202169], [11.5, 71.23128342], [12.5, 72.40632639], [13.5, 73.5334912], [14.5, 74.61798935], [15.5, 75.66416403], [16.5, 76.67567844], [17.5, 77.65565499], [18.5, 78.60677999], [19.5, 79.53138379], [20.5, 80.43150301], [21.5, 81.30892951], [22.5, 82.16524937], [23.5, 83.00187362], [24.5, 83.82006698], [25.5, 84.67208812], [26.5, 85.50360235], [27.5, 86.31150621], [28.5, 87.09345895], [29.5, 87.847827], [30.5, 88.57361882], [31.5, 89.2704229], [32.5, 89.9383459], [33.5, 90.57794935], [34.5, 91.19019802], [35.5, 91.77639347]]}